Type,Content
Heading,Web Scraping Practice
Heading,Available Products
Heading,Product Table
Heading,Watch This Video
Heading,Contact Us
Heading,Product Information
Heading,Featured Products
Paragraph,Welcome to the web scraping task! Use your skills to extract the required data from this page.
Paragraph,Sharp Objects
Paragraph,£47.82
Paragraph,✔ In stock
Paragraph,"In a Dark, Dark Wood"
Paragraph,£19.63
Paragraph,✔ In stock
Paragraph,The Past Never Ends
Paragraph,£56.50
Paragraph,✔ In stock
Paragraph,A Murder in Time
Paragraph,£16.64
Paragraph,Out stock
Paragraph,Wireless Headphones
Paragraph,$49.99
Paragraph,"Available colors: Black, White, Blue"
Paragraph,Smart Speaker
Paragraph,$89.99
Paragraph,"Available colors: Grey, Black"
Paragraph,Smart Watch
Paragraph,$149.99
Paragraph,"Available colors: Black, Silver, Gold"
Paragraph,© 2024 Web Scraping Practice. All Rights Reserved.
List Item,Laptop
List Item,Smartphone
List Item,Tablet
List Item,Smartwatch
